{"options":{"check_for_updates":false,"comment":null,"compat_foreach":false,"compat_metadata":false,"compat_powerful_this":null,"compat_wrappedjsobject":false,"compatopts_for_requires":true,"noframes":null,"override":{"merge_connects":true,"merge_excludes":true,"merge_includes":true,"merge_matches":true,"orig_connects":[],"orig_excludes":[],"orig_includes":[],"orig_matches":["*://*.core.learn.edgenuity.com/*","https://student.edgenuity.com/*"],"orig_noframes":null,"orig_run_at":"document-idle","use_blockers":[],"use_connects":[],"use_excludes":[],"use_includes":[],"use_matches":[]},"run_at":null,"sandbox":null,"tab_types":null,"unwrap":null},"settings":{"enabled":true,"position":3},"meta":{"name":"Edgenuity Master Controller v0.5","uuid":"f17f2bba-ac70-4d96-8832-f0650fcb26b7","modified":1692522211283,"file_url":"https://github.com/XANADryden/Edgenuity-Master-Controller/raw/master/Edgenuity_Master_Controller_v0.4.user.js"}}