{"options":{"check_for_updates":true,"comment":null,"compat_foreach":false,"compat_metadata":false,"compat_powerful_this":null,"compat_wrappedjsobject":false,"compatopts_for_requires":true,"noframes":null,"override":{"merge_connects":true,"merge_excludes":true,"merge_includes":true,"merge_matches":true,"orig_connects":[],"orig_excludes":[],"orig_includes":[],"orig_matches":["*://*.core.learn.edgenuity.com/*","https://student.edgenuity.com/*"],"orig_noframes":null,"orig_run_at":"document-idle","use_blockers":[],"use_connects":[],"use_excludes":[],"use_includes":[],"use_matches":[]},"run_at":null,"sandbox":null,"tab_types":null,"unwrap":null},"settings":{"enabled":true,"position":1},"meta":{"name":"EdgenTweaks","uuid":"4c9a7b6f-dd8a-49b9-914a-ab169ad68c15","modified":1692485095622,"file_url":"hthttps://raw.githubusercontent.com/De-y/edgentweaks/main/edgentweaks.js"}}