{"options":{"check_for_updates":true,"comment":null,"compat_foreach":false,"compat_metadata":false,"compat_powerful_this":null,"compat_wrappedjsobject":false,"compatopts_for_requires":true,"noframes":null,"override":{"merge_connects":true,"merge_excludes":true,"merge_includes":true,"merge_matches":true,"orig_connects":[],"orig_excludes":[],"orig_includes":[],"orig_matches":["*://brainly.in/*","*://brainly.com/*","*://brainly.ro/*","*://brainly.pl/*","*://brainly.ph/*"],"orig_noframes":null,"orig_run_at":"document-start","use_blockers":[],"use_connects":[],"use_excludes":[],"use_includes":[],"use_matches":[]},"run_at":null,"sandbox":null,"tab_types":null,"unwrap":null},"settings":{"enabled":true,"position":2},"meta":{"name":"Free Brainly ∞","uuid":"13b44109-e2c5-4d08-873f-ba31c8944fa1","modified":1692485152529,"file_url":"https://github.com/gsrhax/Brainly-LockPick/raw/main/lockPick.user.js"}}